{"cameraHeight":12.0,"carHeading":294.4255065917969,"carInterval":2.0,"carMaxSpeed":12.0,"carMinSpeed":6.0,"carModel":"Adder","carStartPositions":[{"back":[-1330.05908203125,-372.74127197265625,36.68344497680664],"front":[-1322.652099609375,-369.3785400390625,36.67155838012695],"goals":[[-1243.3446044921875,-328.1656494140625,37.19536590576172],[-1245.2049560546875,-323.4359436035156,37.279075622558594]]},{"back":[-1332.70556640625,-367.9888916015625,36.75804138183594],"front":[-1325.38720703125,-364.3428955078125,36.749794006347656],"goals":[[-1245.91748046875,-322.8907165527344,37.26971435546875],[-1242.8966064453125,-328.2360534667969,37.188411712646484]]}],"carStopRange":2.0,"centerCoords":[-1302.596923828125,-347.5118713378906,36.712406158447266],"continuousPedGen":true,"driveStyle":786475,"maxPedGenInterval":5000,"maxTotalCars":3,"minPedGenInterval":2000,"minTotalCars":2,"pedModel":"","period":250,"recordDirectory":["LeftTurn1_nw_250"],"scriptPedsEndPoints":[[[-1279.837646484375,-355.6252136230469,36.61233901977539],[-1279.0841064453125,-354.4183654785156,36.648258209228516],[-1277.85107421875,-353.6049499511719,36.669273376464844],[-1278.16650390625,-355.06201171875,36.64337921142578],[-1276.70263671875,-354.979736328125,36.661827087402344]],[[-1297.437255859375,-324.00018310546875,36.6042366027832],[-1298.28955078125,-322.567138671875,36.637786865234375],[-1296.849609375,-322.6934814453125,36.652774810791016],[-1295.31787109375,-323.36566162109375,36.634361267089844],[-1296.466796875,-324.28985595703125,36.59882354736328]]],"totalScriptPeds":0,"totalWanderPeds":0}