{"cameraHeight":6.0,"carHeading":301.9748840332031,"carInterval":2.0,"carMaxSpeed":12.0,"carMinSpeed":6.0,"carModel":"Adder","carStartPositions":[{"back":[-575.14599609375,-315.3187561035156,35.05160903930664],"front":[-567.6365966796875,-311.20684814453125,35.101966857910156],"goals":[[-536.2864379882813,-346.7115783691406,35.067138671875]]}],"carStopRange":2.0,"centerCoords":[-559.33642578125,-296.3626708984375,35.18498229980469],"continuousPedGen":true,"driveStyle":786475,"maxPedGenInterval":5000,"maxTotalCars":3,"minPedGenInterval":2000,"minTotalCars":2,"pedModel":"","period":250,"recordDirectory":["LeftTurn1_nw_250"],"scriptPedsEndPoints":[[[-560.7238159179688,-314.68017578125,35.13798141479492],[-560.26318359375,-313.9669189453125,35.140865325927734],[-559.70556640625,-313.67608642578125,35.135684967041016],[-558.4246826171875,-314.2764892578125,35.14262008666992],[-558.4574584960938,-314.7563171386719,35.14338302612305],[-558.9527587890625,-315.782958984375,35.13962173461914]],[[-545.961669921875,-305.4308166503906,35.07620620727539],[-544.6986083984375,-304.686767578125,35.1426887512207],[-543.7816162109375,-305.7780456542969,35.14083480834961],[-543.662109375,-304.0622863769531,35.14080047607422]]],"totalScriptPeds":0,"totalWanderPeds":0}