{"cameraHeight":8.0,"carHeading":248.5885467529297,"carInterval":2.0,"carMaxSpeed":12.0,"carMinSpeed":6.0,"carModel":"Adder","carStartPositions":[{"back":[-819.80224609375,-307.9161376953125,37.33799362182617],"front":[-818.2084350585938,-308.5643310546875,37.256126403808594],"goals":[[-811.3464965820313,-227.95223999023438,37.232032775878906]]}],"carStopRange":2.0,"centerCoords":[-798.5076293945313,-313.5508117675781,36.99055099487305],"continuousPedGen":true,"driveStyle":786475,"maxPedGenInterval":5000,"maxTotalCars":3,"minPedGenInterval":2000,"minTotalCars":2,"pedModel":"","period":250,"recordDirectory":["LeftTurn1_nw_250"],"scriptPedsEndPoints":[[[-778.5202026367188,-305.4747619628906,36.883670806884766],[-777.9608764648438,-304.13946533203125,36.96768569946289],[-777.5480346679688,-302.7525329589844,37.049808502197266],[-776.5958251953125,-303.4603271484375,37.0344352722168],[-776.2531127929688,-305.13238525390625,36.95726776123047]],[[-815.8673095703125,-287.938232421875,37.2973747253418],[-815.5951538085938,-286.38970947265625,37.37208938598633],[-814.4901733398438,-286.1287841796875,37.30705261230469],[-813.7147827148438,-287.31524658203125,37.200401306152344],[-813.3899536132813,-286.1628112792969,37.22359848022461]]],"totalScriptPeds":0,"totalWanderPeds":0}