{"cameraHeight":8.0,"carHeading":248.5885467529297,"carInterval":2.0,"carMaxSpeed":12.0,"carMinSpeed":6.0,"carModel":"Adder","carStartPositions":[{"back":[-833.9956665039063,-312.8375244140625,38.059566497802734],"front":[-826.6350708007813,-315.6792297363281,37.779537200927734],"goals":[[-730.5994262695313,-355.4521789550781,35.116912841796875],[-726.2447509765625,-351.0440673828125,35.14164733886719]]},{"back":[-831.2272338867188,-308.0509033203125,38.12983322143555],"front":[-824.6051635742188,-310.60565185546875,37.743507385253906],"goals":[[-726.1531372070313,-350.7261657714844,35.14743423461914],[-728.1900024414063,-355.8964538574219,35.063175201416016]]}],"carStopRange":2.0,"centerCoords":[-798.5076293945313,-313.5508117675781,36.99055099487305],"continuousPedGen":true,"driveStyle":786475,"maxPedGenInterval":5000,"maxTotalCars":3,"minPedGenInterval":2000,"minTotalCars":2,"pedModel":"","period":250,"recordDirectory":["LeftTurn1_nw_250"],"scriptPedsEndPoints":[[[-799.0436401367188,-333.17242431640625,36.95280456542969],[-798.0133056640625,-333.1690979003906,36.940101623535156],[-796.469482421875,-333.2652893066406,36.921112060546875],[-797.0617065429688,-334.582763671875,36.92975997924805],[-798.6356201171875,-334.6999816894531,36.944580078125]],[[-779.3858032226563,-306.3765869140625,36.817626953125],[-777.93505859375,-306.7574768066406,36.88837432861328],[-776.33837890625,-307.4491271972656,36.94204330444336],[-776.754638671875,-304.983154296875,36.951194763183594],[-777.9384765625,-304.0148620605469,36.97421646118164]]],"totalScriptPeds":0,"totalWanderPeds":0}