{"cameraHeight":7.0,"carHeading":24.115711212158203,"carInterval":2.0,"carMaxSpeed":12.0,"carMinSpeed":6.0,"carModel":"Adder","carStartPositions":[{"back":[-843.5240478515625,-182.59054565429688,37.6670036315918],"front":[-849.0159301757813,-173.01712036132813,37.837162017822266],"goals":[[-938.2139892578125,-191.99708557128906,37.714759826660156]]}],"carStopRange":2.0,"centerCoords":[-860.3146362304688,-158.16195678710938,37.985504150390625],"continuousPedGen":true,"driveStyle":786475,"maxPedGenInterval":5000,"maxTotalCars":3,"minPedGenInterval":2000,"minTotalCars":2,"pedModel":"","period":250,"recordDirectory":["LeftTurn1_nw_250"],"scriptPedsEndPoints":[[[-867.6358642578125,-173.42657470703125,37.83317184448242],[-866.6204833984375,-172.41758728027344,37.793758392333984],[-865.2232055664063,-172.60540771484375,37.824100494384766],[-865.2918090820313,-174.05499267578125,37.915496826171875],[-866.7421875,-174.66717529296875,37.90264129638672]],[[-879.01953125,-158.20799255371094,37.7668342590332],[-878.8711547851563,-156.98574829101563,37.74559783935547],[-877.710205078125,-157.15638732910156,37.68430709838867],[-877.4598388671875,-158.5684356689453,37.65256118774414],[-877.4225463867188,-159.57456970214844,37.67777633666992]]],"totalScriptPeds":0,"totalWanderPeds":0}