{"cameraHeight":15.0,"carHeading":241.7696533203125,"carInterval":2.0,"carMaxSpeed":12.0,"carMinSpeed":6.0,"carModel":"Adder","carStartPositions":[{"back":[-1079.610107421875,-174.404052734375,37.893028259277344],"front":[-1072.7540283203125,-178.0902862548828,37.89413833618164],"goals":[[-955.7149047851563,-162.1808319091797,37.79921340942383]]}],"carStopRange":2.0,"centerCoords":[-1038.3072509765625,-189.907470703125,37.85154724121094],"continuousPedGen":true,"driveStyle":786475,"maxPedGenInterval":5000,"maxTotalCars":3,"minPedGenInterval":2000,"minTotalCars":2,"pedModel":"","period":250,"recordDirectory":["LeftTurn1_nw_250"],"scriptPedsEndPoints":[[[-996.4208984375,-192.740234375,37.78569412231445],[-996.6527709960938,-194.25489807128906,37.769527435302734],[-995.0471801757813,-194.1615447998047,37.852535247802734],[-996.0021362304688,-196.12269592285156,37.75894546508789],[-995.3516845703125,-192.8552703857422,37.8612060546875]],[[-1042.4661865234375,-166.87362670898438,37.70286560058594],[-1040.800537109375,-168.2205047607422,37.600929260253906],[-1040.4288330078125,-166.6321258544922,37.691104888916016],[-1039.0191650390625,-167.39454650878906,37.64472579956055]]],"totalScriptPeds":0,"totalWanderPeds":0}