{"cameraHeight":12.0,"carHeading":302.37,"carInterval":2.0,"carMaxSpeed":12.0,"carMinSpeed":6.0,"carModel":"Adder","carStartPositions":[{"back":[-1416.13427734375,-419.2227783203125,36.31306457519531],"front":[-1409.451904296875,-415.4165954589844,36.46787643432617],"goals":[[-1321.3707275390625,-362.6405944824219,36.74557876586914],[-1318.6455078125,-367.52484130859375,36.66429901123047]]}],"carStopRange":2.0,"centerCoords":[-1382.03,-390.19,36.69],"continuousPedGen":true,"driveStyle":786475,"maxPedGenInterval":6000,"maxTotalCars":3,"minPedGenInterval":2000,"minTotalCars":2,"pedModel":"","period":250,"recordDirectory":["Straight_w_250"],"scriptPedsEndPoints":[[[-1377.41,-366.81,36.6],[-1380.84,-366.67,36.57]],[[-1409.8,-386.4,36.63],[-1408.43,-385.78,36.61]],[[-1390.06,-415.37,36.58],[-1385.91,-417.79,36.61]],[[-1359.15,-397.74,36.61],[-1357.56,-393.77,36.58]]],"totalScriptPeds":3,"totalWanderPeds":6,"wanderPedsGenArea":{"origin":[-1362.92,-394.49,36.55],"unit1":[-1387.76,-411.07,36.56],"unit2":[-1378.92,-370.83,36.51]}}