{"cameraHeight":6.0,"carHeading":301.9748840332031,"carInterval":2.0,"carMaxSpeed":12.0,"carMinSpeed":6.0,"carModel":"Adder","carStartPositions":[{"back":[-574.8580932617188,-315.4724426269531,35.04258728027344],"front":[-568.0134887695313,-311.63385009765625,35.088844299316406],"goals":[[-511.74371337890625,-284.98187255859375,35.39423370361328],[-512.8118286132813,-279.4422607421875,35.49262619018555]]}],"carStopRange":2.0,"centerCoords":[-559.33642578125,-296.3626708984375,35.18498229980469],"continuousPedGen":true,"driveStyle":786475,"maxPedGenInterval":5000,"maxTotalCars":3,"minPedGenInterval":2000,"minTotalCars":2,"pedModel":"","period":250,"recordDirectory":["LeftTurn1_nw_250"],"scriptPedsEndPoints":[[[-543.617431640625,-303.0571594238281,35.1407585144043],[-543.2559814453125,-304.5820007324219,35.14080047607422],[-544.5245971679688,-304.298583984375,35.14080810546875],[-545.8032836914063,-303.72686767578125,35.09623718261719],[-543.8356323242188,-305.26202392578125,35.14083480834961]],[[-558.4962158203125,-281.5931091308594,35.11781692504883],[-556.9072265625,-280.8488464355469,35.16220474243164],[-557.896484375,-279.4805603027344,35.155731201171875],[-559.3170166015625,-279.6743469238281,35.15481185913086],[-559.3760375976563,-281.126708984375,35.11936950683594]]],"totalScriptPeds":0,"totalWanderPeds":0}