{"cameraHeight":15.0,"carHeading":113.24053192138672,"carInterval":2.0,"carMaxSpeed":12.0,"carMinSpeed":6.0,"carModel":"Adder","carStartPositions":[{"back":[-953.2349853515625,-142.25460815429688,37.717567443847656],"front":[-958.3128051757813,-145.1194610595703,37.784053802490234],"goals":[[-1158.01220703125,-120.12491607666016,39.444923400878906],[-1161.2537841796875,-123.93999481201172,39.61221694946289]]}],"carStopRange":2.0,"centerCoords":[-1038.3072509765625,-189.907470703125,37.85154724121094],"continuousPedGen":true,"driveStyle":786475,"maxPedGenInterval":5000,"maxTotalCars":3,"minPedGenInterval":2000,"minTotalCars":2,"pedModel":"","period":250,"recordDirectory":["LeftTurn1_nw_250"],"scriptPedsEndPoints":[[[-1049.7589111328125,-167.9481201171875,37.65773391723633],[-1048.6868896484375,-166.80772399902344,37.70367431640625],[-1047.4139404296875,-167.12686157226563,37.69888687133789],[-1047.0870361328125,-168.3543701171875,37.63560104370117],[-1048.2589111328125,-168.51953125,37.630577087402344]],[[-1073.6300048828125,-189.59710693359375,37.78878402709961],[-1072.1356201171875,-190.3877410888672,37.79819107055664],[-1072.5677490234375,-191.76199340820313,37.760032653808594],[-1073.7230224609375,-190.8670196533203,37.75642395019531],[-1073.1260986328125,-192.61431884765625,37.733036041259766]]],"totalScriptPeds":0,"totalWanderPeds":0}