{"cameraHeight":12.0,"carHeading":24.115711212158203,"carInterval":2.0,"carMaxSpeed":12.0,"carMinSpeed":6.0,"carModel":"Adder","carStartPositions":[{"back":[-1289.4112548828125,-378.5534362792969,36.687217712402344],"front":[-1292.3035888671875,-373.48455810546875,36.719085693359375],"goals":[[-1359.834228515625,-374.75701904296875,36.76831817626953],[-1362.053466796875,-370.9682922363281,36.76005554199219],[-1365.1611328125,-366.8460388183594,36.69074249267578]]}],"carStopRange":2.0,"centerCoords":[-1302.596923828125,-347.5118713378906,36.712406158447266],"continuousPedGen":true,"driveStyle":786475,"maxPedGenInterval":5000,"maxTotalCars":3,"minPedGenInterval":2000,"minTotalCars":2,"pedModel":"","period":250,"recordDirectory":["LeftTurn1_nw_250"],"scriptPedsEndPoints":[[[-1305.1568603515625,-372.0492858886719,36.62977981567383],[-1305.6126708984375,-370.52264404296875,36.63060760498047],[-1306.6279296875,-369.8053894042969,36.62507247924805],[-1307.468017578125,-370.9668884277344,36.64786911010742],[-1308.9990234375,-370.525390625,36.65330123901367],[-1309.177734375,-369.2184753417969,36.63290786743164]],[[-1325.0350341796875,-340.96356201171875,36.66141891479492],[-1323.7525634765625,-340.2995910644531,36.65155792236328],[-1323.4022216796875,-338.3468322753906,36.65473556518555],[-1324.61767578125,-338.1739501953125,36.66402053833008],[-1325.8626708984375,-339.3405456542969,36.66843795776367]]],"totalScriptPeds":0,"totalWanderPeds":0}