{"cameraHeight":7.0,"carHeading":24.115711212158203,"carInterval":2.0,"carMaxSpeed":12.0,"carMinSpeed":6.0,"carModel":"Adder","carStartPositions":[{"back":[-838.1134643554688,-181.3626708984375,37.525814056396484],"front":[-842.1043701171875,-175.00717163085938,37.563968658447266],"goals":[[-885.9036865234375,-93.21144104003906,37.84197998046875]]}],"carStopRange":2.0,"centerCoords":[-860.3146362304688,-158.16195678710938,37.985504150390625],"continuousPedGen":true,"driveStyle":786475,"maxPedGenInterval":5000,"maxTotalCars":3,"minPedGenInterval":2000,"minTotalCars":2,"pedModel":"","period":250,"recordDirectory":["LeftTurn1_nw_250"],"scriptPedsEndPoints":[[[-853.8017578125,-142.55372619628906,37.59840393066406],[-852.6083374023438,-143.12344360351563,37.61520004272461],[-851.5946655273438,-144.59703063964844,37.61673355102539],[-851.0154418945313,-143.08473205566406,37.652503967285156],[-852.0293579101563,-142.02252197265625,37.644287109375]],[[-876.7024536132813,-155.01988220214844,37.628570556640625],[-878.1737670898438,-155.80206298828125,37.708251953125],[-879.6142578125,-157.10972595214844,37.781070709228516],[-878.7840576171875,-158.7018585205078,37.76638412475586],[-877.848388671875,-157.33743286132813,37.68941116333008]]],"totalScriptPeds":0,"totalWanderPeds":0}