{"cameraHeight":12.0,"carHeading":302.37,"carInterval":2.0,"carMaxSpeed":12.0,"carMinSpeed":6.0,"carModel":"Adder","carStartPositions":[{"back":[-1416.13427734375,-419.2227783203125,36.31306457519531],"front":[-1409.451904296875,-415.4165954589844,36.46787643432617],"goals":[[-1321.3707275390625,-362.6405944824219,36.74557876586914],[-1318.6455078125,-367.52484130859375,36.66429901123047]]}],"carStopRange":2.0,"centerCoords":[-1382.03,-390.19,36.69],"continuousPedGen":true,"driveStyle":786475,"maxPedGenInterval":6000,"maxTotalCars":3,"minPedGenInterval":2000,"minTotalCars":2,"pedModel":"","period":250,"recordDirectory":["Straight_nw_250"],"scriptPedsEndPoints":[[[-1375.58984375,-366.9616394042969,36.620670318603516],[-1376.491455078125,-367.63568115234375,36.58573532104492],[-1376.845458984375,-366.1795959472656,36.60965347290039],[-1378.1749267578125,-366.9848937988281,36.59820556640625],[-1379.3944091796875,-366.1816101074219,36.60270309448242]],[[-1358.1015625,-393.6603088378906,36.57209396362305],[-1357.137939453125,-394.63238525390625,36.59563446044922],[-1358.440673828125,-395.46649169921875,36.62184143066406],[-1359.1806640625,-394.16802978515625,36.56890106201172],[-1359.8701171875,-395.9482116699219,36.61136245727539]]],"totalScriptPeds":0,"totalWanderPeds":0,"wanderPedsGenArea":{"origin":[-1362.92,-394.49,36.55],"unit1":[-1387.76,-411.07,36.56],"unit2":[-1378.92,-370.83,36.51]}}