{"cameraHeight":12.0,"carHeading":31.836753845214844,"carInterval":2.0,"carMaxSpeed":12.0,"carMinSpeed":6.0,"carModel":"Adder","carStartPositions":[{"back":[-1351.7740478515625,-417.1700744628906,36.01331329345703],"front":[-1357.2847900390625,-409.2666320800781,36.31016159057617],"goals":[[-1426.0611572265625,-330.4630126953125,44.35832977294922],[-1422.874267578125,-326.8683776855469,44.3035888671875]]},{"back":[-1356.0765380859375,-419.5303649902344,36.13472366333008],"front":[-1361.3660888671875,-412.83489990234375,36.3909912109375],"goals":[[-1426.0611572265625,-330.4630126953125,44.35832977294922],[-1422.874267578125,-326.8683776855469,44.3035888671875]]}],"carStopRange":2.0,"centerCoords":[-1382.03,-390.19,36.69],"continuousPedGen":true,"driveStyle":786475,"maxPedGenInterval":5000,"maxTotalCars":3,"minPedGenInterval":2000,"minTotalCars":2,"pedModel":"","period":250,"recordDirectory":["LeftTurn1_nw_250"],"scriptPedsEndPoints":[[[-1381.8551025390625,-365.5246276855469,36.59084701538086],[-1380.9444580078125,-366.1371765136719,36.58560562133789],[-1380.2843017578125,-367.1628723144531,36.581787109375],[-1379.5057373046875,-368.09442138671875,36.575172424316406],[-1379.2823486328125,-366.4147644042969,36.60067367553711]],[[-1409.44189453125,-384.1535339355469,36.612247467041016],[-1409.479736328125,-385.8476257324219,36.623531341552734],[-1409.54296875,-387.57769775390625,36.60905075073242],[-1407.9912109375,-387.5545654296875,36.59335708618164],[-1408.296875,-386.0587463378906,36.60440444946289]]],"totalScriptPeds":0,"totalWanderPeds":0}