{"cameraHeight":8.0,"carHeading":248.5885467529297,"carInterval":2.0,"carMaxSpeed":12.0,"carMinSpeed":6.0,"carModel":"Adder","carStartPositions":[{"back":[-837.193359375,-311.5934143066406,38.20881271362305],"front":[-826.7095336914063,-315.2480773925781,37.8106803894043],"goals":[[-865.7227172851563,-382.7077331542969,39.41889190673828]]}],"carStopRange":2.0,"centerCoords":[-798.5076293945313,-313.5508117675781,36.99055099487305],"continuousPedGen":true,"driveStyle":786475,"maxPedGenInterval":5000,"maxTotalCars":3,"minPedGenInterval":2000,"minTotalCars":2,"pedModel":"","period":250,"recordDirectory":["LeftTurn1_nw_250"],"scriptPedsEndPoints":[[[-819.441650390625,-329.6524658203125,37.17363357543945],[-820.512451171875,-328.69866943359375,37.14281463623047],[-820.0693969726563,-327.4075927734375,37.21375274658203],[-820.16845703125,-326.5437316894531,37.26305389404297],[-822.0215454101563,-327.7378845214844,37.10455322265625]],[[-800.16943359375,-335.848876953125,36.948081970214844],[-799.8212890625,-334.24310302734375,36.95802307128906],[-798.4713134765625,-333.84063720703125,36.94629669189453],[-798.0103759765625,-335.04095458984375,36.93656539916992],[-798.34619140625,-337.1334533691406,36.9250373840332]]],"totalScriptPeds":0,"totalWanderPeds":0}