{"cameraHeight":6.0,"carHeading":301.9748840332031,"carInterval":2.0,"carMaxSpeed":12.0,"carMinSpeed":6.0,"carModel":"Adder","carStartPositions":[{"back":[-573.7840576171875,-308.73870849609375,35.137489318847656],"front":[-570.1672973632813,-306.79937744140625,35.1641960144043],"goals":[[-585.5201416015625,-246.50228881835938,36.114479064941406]]}],"carStopRange":2.0,"centerCoords":[-559.33642578125,-296.3626708984375,35.18498229980469],"continuousPedGen":true,"driveStyle":786475,"maxPedGenInterval":5000,"maxTotalCars":3,"minPedGenInterval":2000,"minTotalCars":2,"pedModel":"","period":250,"recordDirectory":["LeftTurn1_nw_250"],"scriptPedsEndPoints":[[[-559.431884765625,-279.95849609375,35.15559005737305],[-558.7415161132813,-280.7042541503906,35.1423454284668],[-559.6904296875,-281.5028381347656,35.10117721557617],[-561.0444946289063,-280.82818603515625,35.15610122680664],[-561.0221557617188,-279.2469787597656,35.155574798583984]],[[-572.356689453125,-287.8691711425781,35.14677047729492],[-573.340087890625,-288.39501953125,35.15090560913086],[-572.5562744140625,-289.62518310546875,35.08121109008789],[-573.2025756835938,-290.7897644042969,35.12260818481445],[-574.348388671875,-289.86358642578125,35.1544189453125]]],"totalScriptPeds":0,"totalWanderPeds":0}