{"cameraHeight":12.0,"carHeading":294.4255065917969,"carInterval":2.0,"carMaxSpeed":12.0,"carMinSpeed":6.0,"carModel":"Adder","carStartPositions":[{"back":[-1335.87744140625,-375.2419738769531,36.698299407958984],"front":[-1324.7950439453125,-370.3899230957031,36.674015045166016],"goals":[[-1266.6004638671875,-426.2034912109375,33.88846206665039],[-1261.1463623046875,-424.25067138671875,33.933963775634766]]}],"carStopRange":2.0,"centerCoords":[-1302.596923828125,-347.5118713378906,36.712406158447266],"continuousPedGen":true,"driveStyle":786475,"maxPedGenInterval":5000,"maxTotalCars":3,"minPedGenInterval":2000,"minTotalCars":2,"pedModel":"","period":250,"recordDirectory":["LeftTurn1_nw_250"],"scriptPedsEndPoints":[[[-1306.4083251953125,-369.4522399902344,36.61855697631836],[-1305.1429443359375,-370.0838928222656,36.61562728881836],[-1304.6015625,-371.503173828125,36.62392044067383],[-1306.05029296875,-371.7881164550781,36.651390075683594],[-1307.4808349609375,-371.0721435546875,36.64915084838867]],[[-1279.966064453125,-356.33416748046875,36.60664367675781],[-1279.4569091796875,-357.4496154785156,36.61519241333008],[-1280.3760986328125,-358.4093017578125,36.60627365112305],[-1277.7135009765625,-356.48046875,36.632118225097656],[-1277.2945556640625,-354.74737548828125,36.66099166870117]]],"totalScriptPeds":0,"totalWanderPeds":0}