{"cameraHeight":12.0,"carHeading":46.74224853515625,"carInterval":2.0,"carMaxSpeed":12.0,"carMinSpeed":6.0,"carModel":"Adder","carStartPositions":[{"back":[-1037.1583251953125,-785.3568725585938,18.252944946289063],"front":[-1051.5380859375,-777.57470703125,19.24912452697754],"goals":[[-959.2051391601563,-680.4122924804688,24.66587257385254],[-959.6294555664063,-674.4635620117188,24.891984939575195]]}],"carStopRange":2.0,"centerCoords":[-1078.7139892578125,-764.630126953125,19.351131439208984],"continuousPedGen":true,"driveStyle":786475,"maxPedGenInterval":5000,"maxTotalCars":3,"minPedGenInterval":2000,"minTotalCars":2,"pedModel":"","period":100,"recordDirectory":["RightTurn_nw"],"scriptPedsEndPoints":[[[-1056.7288818359375,-765.2129516601563,19.217578887939453],[-1055.5135498046875,-764.3950805664063,19.23932456970215],[-1057.02734375,-764.0575561523438,19.21561622619629],[-1055.0706787109375,-763.4290771484375,19.246095657348633],[-1056.366455078125,-761.98291015625,19.219057083129883]],[[-1079.49267578125,-738.6136474609375,19.2115535736084],[-1079.4935302734375,-736.8900146484375,19.23821258544922],[-1079.1981201171875,-738.5460205078125,19.213260650634766],[-1077.20263671875,-737.9649658203125,19.219655990600586],[-1077.62109375,-736.8531494140625,19.238534927368164]]],"totalScriptPeds":0,"totalWanderPeds":0}