{"cameraHeight":7.0,"carHeading":24.115711212158203,"carInterval":2.0,"carMaxSpeed":12.0,"carMinSpeed":6.0,"carModel":"Adder","carStartPositions":[{"back":[-839.3584594726563,-179.7223663330078,37.54335021972656],"front":[-845.3972778320313,-170.4676971435547,37.58390808105469],"goals":[[-814.609619140625,-138.02284240722656,37.89554977416992]]}],"carStopRange":2.0,"centerCoords":[-860.3146362304688,-158.16195678710938,37.985504150390625],"continuousPedGen":true,"driveStyle":786475,"maxPedGenInterval":5000,"maxTotalCars":3,"minPedGenInterval":2000,"minTotalCars":2,"pedModel":"","period":250,"recordDirectory":["LeftTurn1_nw_250"],"scriptPedsEndPoints":[[[-842.46337890625,-158.37136840820313,37.810325622558594],[-844.145751953125,-158.82765197753906,37.73215103149414],[-843.159423828125,-160.12709045410156,37.72407913208008],[-841.6077270507813,-159.5389404296875,37.80234146118164],[-844.1747436523438,-159.76080322265625,37.69901657104492]],[[-852.8555908203125,-143.89944458007813,37.598392486572266],[-852.4970703125,-142.47793579101563,37.62457275390625],[-851.0638427734375,-142.6645965576172,37.65668869018555],[-849.6597900390625,-143.00454711914063,37.731285095214844],[-850.0623779296875,-144.0569610595703,37.68187713623047],[-852.7449951171875,-144.6273651123047,37.59062576293945]]],"totalScriptPeds":0,"totalWanderPeds":0}