{  
   "cameraHeight":12.0,
   "carHeading":219.39024353027344,
   "carInterval":2.0,
   "carMaxSpeed":12.0,
   "carMinSpeed":6.0,
   "carModel":"Adder",
   "carStartPositions":[  
      {  
         "back":[  
            -1427.49560546875,
            -345.7237243652344,
            43.17573928833008
         ],
         "front":[  
            -1418.6588134765625,
            -356.1112365722656,
            40.589717864990234
         ],
         "goals":[  
            [  
               -1321.13427734375,
               -362.39752197265625,
               36.745574951171875
            ],
            [  
               -1318.8980712890625,
               -366.9628601074219,
               36.69498825073242
            ]
         ]
      }
   ],
   "carStopRange":2.0,
   "centerCoords":[-1382.03,-390.19,36.69],
   "continuousPedGen":true,
   "driveStyle":786475,
   "maxPedGenInterval":5000,
   "minPedGenInterval":2000,
   "pedModel":"",
   "period":100,
   "recordDirectory":[  
      "LeftTurn_nw"
   ],
   "scriptPedsEndPoints":[  
      [  
         [  
            -1375.465087890625,
            -367.1982421875,
            36.615692138671875
         ],
         [  
            -1377.0714111328125,
            -367.7682800292969,
            36.58562469482422
         ],
         [  
            -1378.6524658203125,
            -368.3919372558594,
            36.57477569580078
         ],
         [  
            -1378.129638671875,
            -366.8902587890625,
            36.599998474121094
         ],
         [  
            -1376.892822265625,
            -366.4888610839844,
            36.604976654052734
         ]
      ],
      [  
         [  
            -1356.875,
            -392.15545654296875,
            36.57622528076172
         ],
         [  
            -1356.1351318359375,
            -393.9512939453125,
            36.60272216796875
         ],
         [  
            -1358.2205810546875,
            -392.8931884765625,
            36.55950164794922
         ],
         [  
            -1359.2174072265625,
            -394.781494140625,
            36.59427261352539
         ],
         [  
            -1357.6619873046875,
            -396.23406982421875,
            36.64643859863281
         ]
      ]
   ],
   "minTotalCars":2,
   "maxTotalCars":3,
   "totalScriptPeds":0,
   "totalWanderPeds":0
}