{"cameraHeight":12.0,"carHeading":31.836753845214844,"carInterval":2.0,"carMaxSpeed":12.0,"carMinSpeed":6.0,"carModel":"Adder","carStartPositions":[{"back":[-1352.3468017578125,-416.465576171875,36.066139221191406],"front":[-1357.60986328125,-408.46136474609375,36.313194274902344],"goals":[[-1321.4437255859375,-368.55889892578125,36.681182861328125],[-1322.2698974609375,-362.99505615234375,36.745506286621094]]}],"carStopRange":2.0,"centerCoords":[-1382.03,-390.19,36.69],"continuousPedGen":true,"driveStyle":786475,"maxPedGenInterval":5000,"maxTotalCars":3,"minPedGenInterval":2000,"minTotalCars":2,"pedModel":"","period":250,"recordDirectory":["LeftTurn1_nw_250"],"scriptPedsEndPoints":[[[-1356.0687255859375,-392.24761962890625,36.595970153808594],[-1357.4644775390625,-392.88714599609375,36.566287994384766],[-1359.1573486328125,-393.99267578125,36.566673278808594],[-1358.7105712890625,-395.3860778808594,36.619991302490234],[-1357.095703125,-395.43341064453125,36.609004974365234]],[[-1376.51318359375,-368.27801513671875,36.57595443725586],[-1375.320556640625,-367.6275634765625,36.59519958496094],[-1376.5648193359375,-366.5387268066406,36.59941482543945],[-1377.93701171875,-366.3977966308594,36.608028411865234],[-1378.46044921875,-368.01776123046875,36.581119537353516]]],"totalScriptPeds":0,"totalWanderPeds":0}