{"cameraHeight":15.0,"carHeading":113.24053192138672,"carInterval":2.0,"carMaxSpeed":12.0,"carMinSpeed":6.0,"carModel":"Adder","carStartPositions":[{"back":[-989.7415771484375,-161.73475646972656,37.813392639160156],"front":[-1002.1082153320313,-168.044677734375,37.81040954589844],"goals":[[-1136.9461669921875,-239.16409301757813,37.79842758178711],[-1135.75634765625,-244.9704132080078,37.86223220825195]]},{"back":[-986.6353759765625,-165.8865509033203,37.87191390991211],"front":[-999.396484375,-172.69032287597656,37.871864318847656],"goals":[[-1135.5078125,-244.64474487304688,37.86453628540039],[-1138.10693359375,-240.33291625976563,37.801490783691406]]}],"carStopRange":2.0,"centerCoords":[-1038.3072509765625,-189.907470703125,37.85154724121094],"continuousPedGen":true,"driveStyle":786475,"maxPedGenInterval":5000,"maxTotalCars":3,"minPedGenInterval":2000,"minTotalCars":2,"pedModel":"","period":250,"recordDirectory":["LeftTurn1_nw_250"],"scriptPedsEndPoints":[[[-1071.6505126953125,-197.0034637451172,37.672977447509766],[-1071.7452392578125,-198.6210479736328,37.651668548583984],[-1070.3323974609375,-198.66212463378906,37.666961669921875],[-1069.71875,-197.8563690185547,37.668556213378906],[-1070.351318359375,-196.6392059326172,37.69908905029297]],[[-1040.5504150390625,-212.4930419921875,37.822242736816406],[-1042.052734375,-213.40130615234375,37.821895599365234],[-1041.82568359375,-212.0067138671875,37.82188034057617],[-1043.2213134765625,-212.22129821777344,37.82188034057617],[-1044.5318603515625,-213.45025634765625,37.82188034057617]]],"totalScriptPeds":0,"totalWanderPeds":0}