{
    "0": [
        16.818125,
        1.7606948867918597
    ],
    "1": [
        11.196875,
        1.188745235269105
    ],
    "2": [
        10.985,
        2.7351462483750297
    ]
}