{
    "2": [
        14.519375,
        1.507356828814929
    ],
    "1": [
        12.581875,
        1.258291096835307
    ],
    "0": [
        11.89875,
        2.645231263519317
    ]
}