{
    "0": [
        16.52662037037037,
        1.5787168560058198
    ],
    "2": [
        11.575231481481481,
        1.2525945081996326
    ],
    "1": [
        10.898148148148149,
        2.57672475432158
    ]
}