{
    "1": [
        16.00954861111111,
        1.3963706362049721
    ],
    "2": [
        10.397569444444445,
        0.9809734487816203
    ],
    "0": [
        12.592881944444445,
        2.185427913846266
    ]
}