{
    "0": [
        15.74384236453202,
        1.0659989254878295
    ],
    "1": [
        11.27192118226601,
        0.8045129810294596
    ],
    "2": [
        11.984236453201971,
        1.7179859279177407
    ]
}